ID,mode,entry,frequency,dB
3121,low,0,10000,12.2
3122,low,1,50000,7.6
3123,low,2,200000,4.5
3124,low,3,400000,2.2
3125,low,4,900000,0.4
3126,low,5,20000000,-0.4
3127,low,6,30000000,0.0
3128,low,7,100000000,-0.8
3129,low,8,160000000,-1.4
3130,low,9,230000000,0.3
3131,low,10,290000000,0.9
3132,low,11,400000000,1.5
3133,low,12,520000000,1.6
3134,low,13,600000000,2.2
3135,low,14,660000000,3.1
3136,low,15,740000000,4.1
3137,low,16,790000000,6.0
3138,low,17,810000000,7.6
3139,low,18,820000000,9.8
3140,low,19,830000000,13.2
3141,direct,0,140000000,35.1
3142,direct,1,150000000,34.2
3143,direct,2,160000000,32.4
3144,direct,3,180000000,30.0
3145,direct,4,280000000,21.7
3146,direct,5,300000000,20.4
3147,direct,6,380000000,16.5
3148,direct,7,390000000,15.9
3149,direct,8,410000000,14.9
3150,direct,9,430000000,14.3
3151,direct,10,490000000,11.6
3152,direct,11,520000000,10.7
3153,direct,12,560000000,8.9
3154,direct,13,830000000,1.3
3155,direct,14,840000000,0.6
3156,direct,15,860000000,1.5
3157,direct,16,870000000,0.6
3158,direct,17,960000000,2.2
3159,direct,18,1040000000,3.8
3160,direct,19,1130000000,6.3
3161,ultra,0,30000000,-3.5
3162,ultra,1,700000000,0.9
3163,ultra,2,980000000,2.6
3164,ultra,3,1440000000,9.1
3165,ultra,4,1590000000,11.5
3166,ultra,5,1900000000,13.9
3167,ultra,6,2810000000,13.3
3168,ultra,7,3340000000,10.0
3169,ultra,8,3390000000,10.5
3170,ultra,9,3930000000,9.3
3171,ultra,10,4230000000,9.5
3172,ultra,11,4300000000,10.2
3173,ultra,12,4340000000,10.3
3174,ultra,13,4810000000,14.4
3175,ultra,14,5070000000,9.2
3176,ultra,15,5110000000,13.3
3177,ultra,16,5300000000,12.4
3178,ultra,17,5510000000,12.6
3179,ultra,18,5850000000,15.8
3180,ultra,19,6000000000,15.9
