ID,name,type,startF,stopF,visible,svgcolour
6773,24MHz,1,24890000,24990000,1,84
6774,10m,1,28000000,29700000,1,74
6775,GB3NWB,18,28247000,0,1,21
6776,GB3AAX,18,28268000,0,1,21
6777,GB3XMB,18,28287000,0,1,21
6778,GB3BUX,19,50000000,0,1,21
6779,6m,1,50000000,52000000,1,84
6780,GB3RMK,19,50002000,0,1,21
6781,GB3NGI,19,50004000,0,1,21
6782,GB3MCB,19,50005000,0,1,21
6783,GB3BAA,19,50416000,0,1,21
6784,GB3MCB,19,50443000,0,1,21
6785,GB3RMK,19,50460000,0,1,21
6786,GB3NGI,19,50462000,0,1,21
6787,GB3LER,19,50464000,0,1,21
6788,GB3BUX,20,70000000,0,0,21
6789,4m,1,70000000,70500000,1,84
6790,GB3WSX,20,70007000,0,0,21
6791,GB3BAA,20,70016000,0,0,21
6792,GB3ANG,20,70020000,0,0,21
6793,GB3MCB,20,70025000,0,0,21
6794,GB3CFG,20,70027000,0,0,21
6795,GB3MBD,20,70050000,0,0,21
6796,FM,7,87500000,108000000,1,84
6797,WV R2,12,89900000,0,1,10
6798,R3 to 4,7,92100000,94300000,1,84
6799,WV R3,12,92100000,0,1,10
6800,WV R4,12,94300000,0,1,10
6801,WV RCy,12,96800000,0,1,10
6802,WV R1,12,99500000,0,1,10
6803,WV CLA,12,101700000,0,1,10
6804,WV R Wales,12,103900000,0,1,10
6805,2m,1,144000000,146000000,1,84
6806,GB3ANG,21,144453000,0,0,21
6807,GB3SEV,21,144462000,0,0,21
6808,GB3MCB,21,144469000,0,0,21
6809,GB3NGI,21,144482000,0,0,21
6810,GB3WGI,21,144487000,0,0,21
6811,DAB,7,175000000,230000000,1,84
6812,5B,12,176640000,0,1,10
6813,5C,12,178352000,0,1,10
6814,5D,12,180064000,0,1,10
6815,6A,12,181936000,0,1,10
6816,6B,12,183648000,0,1,10
6817,6C,12,185360000,0,1,10
6818,6D,12,187072000,0,1,10
6819,7A,12,188928000,0,1,10
6820,7B,12,190640000,0,1,10
6821,7C,12,192352000,0,1,10
6822,7D,12,194064000,0,1,10
6823,8A,12,195936000,0,1,10
6824,8B,12,197648000,0,1,10
6825,8C,12,199360000,0,1,10
6826,8D,12,201072000,0,1,10
6827,9A,12,202928000,0,1,10
6828,9B,12,204640000,0,1,10
6829,9C,12,206352000,0,1,10
6830,9D,12,208064000,0,1,10
6831,10A,12,209936000,0,1,10
6832,10B,12,211648000,0,1,10
6833,10C,12,213360000,0,1,10
6834,10D,12,215072000,0,1,10
6835,11A,12,216928000,0,1,10
6836,11B,12,218640000,0,1,10
6837,11C,12,220352000,0,1,10
6838,11D,12,222064000,0,1,10
6839,12B,12,225648000,0,1,10
6840,12C,12,227360000,0,1,10
6841,12D,12,229072000,0,1,10
6842,13A,12,230784000,0,1,10
6843,13B,12,232496000,0,1,10
6844,13C,12,234208000,0,1,10
6845,13D,12,235776000,0,1,10
6846,70cm,1,430000000,440000000,1,84
6847,GB3UHF,22,432430000,0,0,21
6848,GB3FNY,22,432445000,0,0,21
6849,GB3ANG,22,432453000,0,0,21
6850,GB3MCB,22,432470000,0,0,26
6851,GB3NGI,22,432482000,0,0,21
6852,GB3LEU,22,432490000,0,0,21
6853,est2,5,470000000,700000000,1,84
6854,Guest 32,5,470125000,0,0,121
6855,Guest 33,5,470475000,0,0,121
6856,Guest 34,5,470975000,0,0,121
6857,23cm,1,1240000000,1325000000,1,84
6858,23cm SSB,1,1296000000,1296500000,1,84
6859,GB3MHZ,17,1296830000,0,1,21
6860,GB3BED,17,1296840000,0,1,21
6861,GB3FRS,17,1296850000,0,1,21
6862,GB3MCB,17,1296860000,0,1,21
6863,GB3USK,17,1296870000,0,1,21
6864,GB3DUN,17,1296890000,0,1,148
6865,GB3CFG,17,1296905000,0,1,68
6866,GB3NGI,17,1296905000,0,1,21
6867,GB3ANG,17,1296965000,0,1,21
6868,GB3CSB,17,1296985000,0,1,21
6869,GB3EDN,17,1296990000,0,1,21
6870,13cm,1,2310000000,2450000000,1,84
6871,GB3MHZ,23,2320830000,0,1,21
6872,GB3ZME,23,2320870000,0,1,21
6873,GB3ANT,23,2320890000,0,1,21
6874,GB3SCS,23,2320905000,0,1,21
6875,GB3BSS,23,2320925000,0,1,21
6876,GB3LES,23,2320955000,0,1,21
6877,GB3CSB,23,2320985000,0,1,21
6878,2G band,16,2390000000,2450000000,1,131
6879,9cm,1,3300000000,3500000000,1,84
6880,GB3MHZ,24,3400830000,0,0,21
6881,GB3OHM,24,3400900000,0,0,21
6882,GB3SCF,24,3400905000,0,0,21
6883,GB3ZME,24,3400910000,0,0,21
6884,GB3LPC,24,3400935000,0,0,21
6885,GB3LEF,24,3400955000,0,0,21
6886,GB3CSB,24,3400985000,0,0,21
6887,SatComm,8,3700000000,4200000000,1,46
6888,6cm,1,5650000000,5925000000,1,84
6889,GB3MHZ,25,5760830000,0,0,21
6890,GB3OHM,25,5760900000,0,0,21
6891,GB3SCC,25,5760905000,0,0,21
6892,GB3ZME,25,5760910000,0,0,21
6893,GB3FNM,25,5760920000,0,0,21
6894,GB3KEU,25,5760925000,0,0,21
6895,GB3CSB,25,5760985000,0,0,21
6896,Es'h-NB,10,10489500000,10490000000,1,84
6897,NB low,11,10489500000,0,1,74
6898,NB mid,11,10489750000,0,1,74
6899,Es'h-WB,9,10491000000,10499000000,1,84
6900,12A,12,223936000,0,1,10
6901,GB3ME,4,433150000,,1,107
6902,1296,14,1296000000,0,1,69
6903,1246,14,1246000000,0,1,62
6904,1152,14,1152000000,0,1,19
6905,23cm beacons,17,1296810863,1297037470,1,56
6906,23cm,15,1296000000,1298000000,1,59
6907,5G band,16,5150000000,5850000000,1,131
6908,WiFi 2G,1,2401000000,2495000000,1,84
6909,ch1,1,2412000000,,1,15
6910,ch2,1,2417000000,,1,15
6911,ch3,1,2422000000,,1,15
6912,ch4,1,2427000000,,1,15
6913,ch5,1,2432000000,,1,15
6914,ch6,1,2437000000,,1,15
6915,ch7,1,2442000000,,1,15
6916,ch8,1,2447000000,,1,15
6917,ch9,1,2452000000,,1,15
6918,ch10,1,2457000000,,1,15
6919,ch11,1,2462000000,,1,15
6920,ch12,1,2467000000,,1,15
6921,ch13,1,2472000000,,1,15
6922,ch14,1,2484000000,,1,15
6923,WiFi 5G,1,5150000000,5510000000,1,84
6924,WiFi 5G9,1,5855000000,5990000000,1,84
6925,ch32,1,5160000000,,1,15
6926,ch36,1,5180000000,,1,15
6927,ch40,1,5200000000,,1,15
6928,ch44,1,5220000000,,1,15
6929,ch48,1,5240000000,,1,15
6930,ch52,1,5260000000,,1,15
6931,ch56,1,5280000000,,1,15
6932,ch60,1,5300000000,,1,15
6933,ch64,1,5320000000,,1,15
6934,ch68,1,5340000000,,1,15
6935,ch72,1,5360000000,,1,15
6936,ch76,1,5380000000,,1,15
6937,ch80,1,5400000000,,1,15
6938,ch84,1,5420000000,,1,15
6939,ch88,1,5440000000,,1,15
6940,ch92,1,5460000000,,1,15
6941,ch96,1,5480000000,,1,15
6942,ch100,1,5480000000,,1,15
6943,ch172,1,5860000000,,1,15
6944,ch174,1,5870000000,,1,15
6945,ch176,1,5880000000,,1,15
6946,ch178,1,5890000000,,1,15
6947,ch180,1,5900000000,,1,15
6948,ch182,1,5910000000,,1,15
6949,ch184,1,5920000000,,1,15
6950,ch186,1,5930000000,,1,15
6951,ch188,1,5940000000,,1,15
6952,ch190,1,5950000000,,1,15
6953,ch192,1,5960000000,,1,15
6954,ch194,1,5970000000,,1,15
6955,ch196,1,5980000000,,1,15
6956,ch121,1,6555000000,,1,15
6957,ch125,1,6575000000,,1,15
6958,ch129,1,6595000000,,1,15
6959,ch133,1,6615000000,,1,15
6960,ch137,1,6635000000,,1,15
6961,ch141,1,6655000000,,1,15
6962,ch145,1,6675000000,,1,15
6963,ch149,1,6695000000,,1,15
6964,ch153,1,6715000000,,1,15
6965,ch157,1,6735000000,,1,15
6966,ch161,1,6755000000,,1,15
6967,ch165,1,6775000000,,1,15
6968,ch169,1,6795000000,,1,15
6969,ch173,1,6815000000,,1,15
6970,ch177,1,6835000000,,1,15
6971,ch181,1,6855000000,,1,15
6972,ch185,1,6875000000,,1,15
6973,ch189,1,6895000000,,1,15
6974,ch193,1,6915000000,,1,15
6975,ch197,1,6935000000,,1,15
6976,ch201,1,6955000000,,1,15
6977,ch205,1,6975000000,,1,15
6978,ch209,1,6995000000,,1,15
6979,ch213,1,7015000000,,1,15
6980,ch217,1,7035000000,,1,15
6981,ch221,1,7055000000,,1,15
6982,ch225,1,7075000000,,1,15
6983,ch229,1,7095000000,,1,15
6984,ch233,1,7115000000,,1,15
6985,WiFi 6G,1,6905000000,7125000000,1,84
