gui,column,model
settings.rbw_x,3,checkboxes
settings.neg25Line,4,checkboxes
settings.zeroLine,5,checkboxes
settings.plus6Line,6,checkboxes
QtTSA.trace1,7,checkboxes
QtTSA.trace2,8,checkboxes
QtTSA.trace3,9,checkboxes
QtTSA.trace4,10,checkboxes
QtTSA.lna_box,15,checkboxes
QtTSA.points_auto,16,checkboxes
QtTSA.presetMarker,18,checkboxes
QtTSA.presetLabel,19,checkboxes
settings.minPoints,3,numbers
settings.maxPoints,4,numbers
QtTSA.start_freq,5,numbers
QtTSA.stop_freq,6,numbers
settings.peakThreshold,7,numbers
QtTSA.filterBox,10,numbers
QtTSA.band_box,9,numbers
QtTSA.rbw_box,11,numbers
QtTSA.m1_type,12,numbers
QtTSA.m2_type,13,numbers
QtTSA.m3_type,14,numbers
QtTSA.m4_type,15,numbers
QtTSA.t1_type,20,numbers
QtTSA.t2_type,21,numbers
QtTSA.t3_type,22,numbers
QtTSA.t4_type,23,numbers
QtTSA.spur_box,20,checkboxes
settings.syncTime,22,checkboxes
QtTSA.avgBox,24,numbers
QtTSA.sampleRepeat,25,numbers
settings.maxFreqBox,26,numbers
settings.intervalBox,27,numbers
QtTSA.rbw_auto,21,checkboxes
filebrowse.askForPath,23,checkboxes
QtTSA.points_box,28,numbers
fading.timePoints,29,numbers
QtTSA.waterfall_auto,25,checkboxes
settings.bold_text,26,checkboxes
QtTSA.split_scan,17,checkboxes
settings.saveSweep,24,checkboxes
settings.save_folder,8,numbers
settings.auto_run,27,checkboxes
QtTSA.wf_2D,14,checkboxes
QtTSA.waterfall_size,30,numbers
settings.restore_band,28,checkboxes
