ID,colour
1,aliceblue
2,antiquewhite
3,aqua
4,aquamarine
5,azure
6,beige
7,bisque
8,black
9,blanchedalmond
10,blue
11,blueviolet
12,brown
13,burlywood
14,cadetblue
15,chartreuse
16,chocolate
17,coral
18,cornflowerblue
19,cornsilk
20,crimson
21,cyan
22,darkblue
23,darkcyan
24,darkgoldenrod
25,darkgray
26,darkgreen
27,darkgrey
28,darkkhaki
29,darkmagenta
30,darkolivegreen
31,darkorange
32,darkorchid
33,darkred
34,darksalmon
35,darkseagreen
36,darkslateblue
37,darkslategray
38,darkslategrey
39,darkturquoise
40,darkviolet
41,deeppink
42,deepskyblue
43,dimgray
44,dimgrey
45,dodgerblue
46,firebrick
47,floralwhite
48,forestgreen
49,fuchsia
50,fuscia
51,gainsboro
52,ghostwhite
53,gold
54,goldenrod
55,gray
56,green
57,greenyellow
58,grey
59,honeydew
60,hotpink
61,indianred
62,indigo
63,ivory
64,khaki
65,lavender
66,lavenderblush
67,lawngreen
68,lemonchiffon
69,lightblue
70,lightcoral
71,lightcyan
72,lightgoldenrodyellow
73,lightgray
74,lightgreen
75,lightgrey
76,lightpink
77,lightsalmon
78,lightseagreen
79,lightskyblue
80,lightslategray
81,lightslategrey
82,lightsteelblue
83,lightyellow
84,lime
85,limegreen
86,linen
87,magenta
88,maroon
89,mediumaquamarine
90,mediumblue
91,mediumorchid
92,mediumpurple
93,mediumseagreen
94,mediumslateblue
95,mediumspringgreen
96,mediumturquoise
97,mediumvioletred
98,midnightblue
99,mintcream
100,mistyrose
101,moccasin
102,navajowhite
103,navy
104,oldlace
105,olive
106,olivedrab
107,orange
108,orangered
109,orchid
110,palegoldenrod
111,palegreen
112,paleturquoise
113,palevioletred
114,papayawhip
115,peachpuff
116,peru
117,pink
118,plum
119,powderblue
120,purple
121,red
122,rosybrown
123,royalblue
124,saddlebrown
125,salmon
126,sandybrown
127,seagreen
128,seashell
129,sienna
130,silver
131,skyblue
132,slateblue
133,slategray
134,slategrey
135,snow
136,springgreen
137,steelblue
138,tan
139,teal
140,thistle
141,tomato
142,turquoise
143,violet
144,wheat
145,white
146,whitesmoke
147,yellow
148,yellowgreen
